Abbeville
Agde
Agen
Aix-en-Provence
Aix-les-Bains
Ajaccio
Albi
Alençon
Alès
Alfortville
Amiens
Angers
Anglet
Angoulême
Annecy
Annemasse
Antibes
Antony
Argenteuil
Arles
Armentières
Arras
Asnières-sur-Seine
Athis-Mons
Aubagne
Aubervilliers
Auch
Aulnay-sous-Bois
Aurillac
Auxerre
Avignon
Bagneux
Bagnolet
Bastia
Bayonne
Beaune
Beauvais
Bègles
Belfort
Bergerac
Besançon
Béthune
Béziers
Bezons
Biarritz
Blagnac
Le Blanc-Mesnil
Blois
Bobigny
Bois-Colombes
Bondy
Bordeaux
Boulogne-Billancourt
Boulogne-sur-Mer
Bourg-en-Bresse
Bourges
Bourgoin-Jallieu
Le Bouscat
Brest
Brétigny-sur-Orge
Brive-la-Gaillarde
Bron
Bruay-la-Buissière
Brunoy
Cachan
Caen
Cagnes-sur-Mer
Cahors
Calais
Caluire-et-Cuire
Cambrai
Cannes
Le Cannet
Carcassonne
Carpentras
Castres
Cavaillon
La Celle-Saint-Cloud
Cenon
Cergy
Châlons-en-Champagne
Chalon-sur-Saône
Chambéry
Champigny-sur-Marne
Champs-sur-Marne
Charenton-le-Pont
Charleville-Mézières
Chartres
Châteauroux
Châtellerault
Châtenay-Malabry
Châtillon
Chatou
Chaumont
Chelles
Cherbourg-Octeville
Le Chesnay
Choisy-le-Roi
Cholet
La Ciotat
Clamart
Clermont-Ferrand
Clichy
Clichy-sous-Bois
Cognac
Colmar
Colombes
Colomiers
Combs-la-Ville
Compiègne
Concarneau
Conflans-Sainte-Honorine
Corbeil-Essonnes
Coudekerque-Branche
Courbevoie
La Courneuve
Creil
Créteil
Le Creusot
Croix
Dammarie-les-Lys
Dax
Décines-Charpieu
Denain
Deuil-la-Barre
Dieppe
Dijon
Dole
Douai
Draguignan
Drancy
Draveil
Dreux
Dunkerque
Eaubonne
Échirolles
Élancourt
Épernay
Épinal
Épinay-sur-Seine
Ermont
Étampes
Évreux
Évry
Fécamp
Fleury-les-Aubrais
Fontaine
Fontenay-aux-Roses
Fontenay-sous-Bois
Forbach
Fougères
Franconville
Fréjus
Fresnes
Gagny
Gap
La Garde
La Garenne-Colombes
Garges-lès-Gonesse
Gennevilliers
Gif-sur-Yvette
Gonesse
Goussainville
Gradignan
Grande-Synthe
Le Grand-Quevilly
Grasse
Grenoble
Grigny
Guyancourt
Haguenau
Le Havre
L'Haÿ-les-Roses
Hazebrouck
Hénin-Beaumont
Herblay
Hérouville-Saint-Clair
Houilles
Hyères
Illkirch-Graffenstaden
Issy-les-Moulineaux
Istres
Ivry-sur-Seine
Joué-lès-Tours
Le Kremlin-Bicêtre
Lambersart
Lanester
Laon
Laval
Lens
Levallois-Perret
Libourne
Liévin
Les Lilas
Lille
Limoges
Lisieux
Livry-Gargan
Longjumeau
Loos
Lorient
Lormont
Lunel
Lunéville
Lyon
Mâcon
La Madeleine
Maisons-Alfort
Maisons-Laffitte
Malakoff
Manosque
Le Mans
Mantes-la-Jolie
Marcq-en-Barœul
Marignane
Marseille
Martigues
Massy
Maubeuge
Meaux
Le Mée-sur-Seine
Melun
Menton
Mérignac
Metz
Meudon
Meyzieu
Millau
Miramas
Mons-en-Barœul
Montauban
Montbéliard
Montceau-les-Mines
Mont-de-Marsan
Montélimar
Montfermeil
Montgeron
Montigny-le-Bretonneux
Montigny-lès-Metz
Montluçon
Montmorency
Montpellier
Montreuil
Montrouge
Mont-Saint-Aignan
Moulins
Mulhouse
Les Mureaux
Muret
Nancy
Nanterre
Nantes
Narbonne
Neuilly-sur-Marne
Neuilly-sur-Seine
Nevers
Nice
Nîmes
Niort
Nogent-sur-Marne
Noisy-le-Grand
Noisy-le-Sec
Olivet
Orange
Orléans
Orly
Orvault
Oullins
Oyonnax
Ozoir-la-Ferrière
Palaiseau
Pantin
Paris
Pau
Périgueux
Perpignan
Le Perreux-sur-Marne
Pessac
Le Petit-Quevilly
Pierrefitte-sur-Seine
Plaisir
Le Plessis-Robinson
Poissy
Poitiers
Pontault-Combault
Pontoise
Puteaux
Le Puy-en-Velay
Quimper
Rambouillet
Reims
Rennes
Rezé
Rillieux-la-Pape
Ris-Orangis
Roanne
Rochefort
La Rochelle
La Roche-sur-Yon
Rodez
Romainville
Romans-sur-Isère
Rosny-sous-Bois
Roubaix
Rouen
Rueil-Malmaison
Saint-Brieuc
Saint-Chamond
Saint-Cloud
Saint-Denis
Saint-Dié-des-Vosges
Saint-Dizier
Sainte-Foy-lès-Lyon
Sainte-Geneviève-des-Bois
Saintes
Saint-Étienne
Saint-Étienne-du-Rouvray
Saint-Germain-en-Laye
Saint-Herblain
Saint-Laurent-du-Var
Saint-Lô
Saint-Louis
Saint-Malo
Saint-Martin-d'Hères
Saint-Maur-des-Fossés
Saint-Médard-en-Jalles
Saint-Michel-sur-Orge
Saint-Nazaire
Saint-Ouen
Saint-Pol-sur-Mer
Saint-Priest
Saint-Quentin
Saint-Raphaël
Saint-Sébastien-sur-Loire
Salon-de-Provence
Sannois
Sarcelles
Sarreguemines
Sartrouville
Saumur
Savigny-le-Temple
Savigny-sur-Orge
Schiltigheim
Sedan
Sens
Sète
Sevran
Sèvres
La Seyne-sur-Mer
Six-Fours-les-Plages
Soissons
Sotteville-lès-Rouen
Stains
Strasbourg
Sucy-en-Brie
Suresnes
Talence
Tarbes
Taverny
La Teste-de-Buch
Thiais
Thionville
Thonon-les-Bains
Torcy
Toulon
Toulouse
Tourcoing
Tournefeuille
Tours
Trappes
Tremblay-en-France
Troyes
Les Ulis
Valence
Valenciennes
La Valette-du-Var
Vallauris
Vandœuvre-lès-Nancy
Vannes
Vanves
Vaulx-en-Velin
Vélizy-Villacoublay
Vénissieux
Verdun
Vernon
Versailles
Vertou
Vichy
Vienne
Vierzon
Vigneux-sur-Seine
Villefranche-sur-Saône
Villejuif
Villemomble
Villenave-d'Ornon
Villeneuve-d'Ascq
Villeneuve-la-Garenne
Villeneuve-Saint-Georges
Villeneuve-sur-Lot
Villeparisis
Villepinte
Villeurbanne
Villiers-le-Bel
Villiers-sur-Marne
Vincennes
Viry-Châtillon
Vitrolles
Vitry-sur-Seine
Voiron
Wattrelos
Yerres
