station_id,station_name,city,lat,lon
FR_PARIS_ST_LAZARE,Paris Saint-Lazare,paris,48.87693884103283,2.326303315694158
FR_RENNES,Rennes,rennes,48.103377136912094,-1.670824886184602
FR_DIJON_VILLE,Dijon Ville,dijon,47.322960056957335,5.027407993143413
FR_LYON_PART_DIEU,Lyon Part-Dieu,lyon,45.76054053999095,4.860200803130667
FR_NANTES,Nantes,nantes,47.216949542020174,-1.541760392905752
FR_BORDEAUX_ST_JEAN,Bordeaux Saint-Jean,bordeaux,44.82592310199666,-0.555977516187792
FR_MARSEILLE_ST_CHARLES,Marseille Saint-Charles,marseille,43.30517119807047,5.384844423704736
FR_LILLE_FLANDRES,Lille Flandres,lille,50.636806000103945,3.071793000654148
FR_TOULOUSE_MATABIAU,Toulouse Matabiau,toulouse,43.614683389635545,1.453299711818548
FR_NICE_VILLE,Nice Ville,nice,43.70493362527495,7.262059427898337
FR_STRASBOURG_VILLE,Strasbourg Ville,strasbourg,48.58287025491014,7.731594953278417
FR_MONTPELLIER_ST_ROCH,Montpellier Saint-Roch,montpellier,43.60609107474913,3.882757509945222
FR_GRENOBLE,Grenoble,grenoble,45.19128387819784,5.714309253432913
FR_ROUEN_RIVE_DROITE,Rouen Rive-Droite,rouen,49.44928900245183,1.093183957618656
FR_REIMS,Reims,reims,49.25946798426691,4.024434919226614
FR_BREST,Brest,brest,48.38825812296375,-4.477628311775779
FR_LE_MANS,Le mans,le mans,47.994962783308296,0.193737676937191
FR_ANGERS_ST_LAUD,Angers Saint-Laud,angers,47.46437213400231,-0.556772225922026
FR_ORLEANS,Orléans,orléans,47.90815419279802,1.90475970109187
FR_AMIENS,Amiens,amiens,49.889914873127346,2.310239759171981
FR_CAEN,Caen,caen,49.17764774731483,-0.342457615134286
FR_NIMES,Nîmes,nîmes,43.83252873429654,4.366218272451483
FR_AVIGNON_CENTRE,Avignon Centre,avignon,43.94168908720681,4.803992522783225
FR_TOULON,Toulon,toulon,43.128429614330386,5.930136019316695
FR_LA_ROCHELLE_VILLE,La rochelle Ville,la rochelle,46.15174194566663,-1.146583707929543
FR_BIARRITZ,Biarritz,biarritz,43.45919534222734,-1.545761953624888
FR_PERPIGNAN,Perpignan,perpignan,42.69621526112407,2.879350450581682
FR_LOURDES,Lourdes,lourdes,43.100485544537825,-0.043033187648334
FR_MULHOUSE_VILLE,Mulhouse Ville,mulhouse,47.74254718255689,7.344456281270134
FR_POITIERS,Poitiers,poitiers,46.582364264631224,0.332786866293225
FR_LIMOGES_BENEDICTINS,Limoges Bénédictins,limoges,45.836407088576934,1.268168667987851
FR_TOURS,Tours,tours,47.38914978582727,0.694160105372558
FR_BEAUVAIS,Beauvais,beauvais,49.426292285453926,2.090001037905616
FR_BAYONNE,Bayonne,bayonne,43.496731994264266,-1.471550649849036
FR_BRIVE_LA_GAILLARDE,Brive-La-Gaillarde,brive-la-gaillarde,45.15178668184799,1.529166661322022
FR_NIORT,Niort,niort,46.31954618364177,-0.454207666855885
FR_AURILLAC,Aurillac,aurillac,44.92128287269628,2.436202111452767
FR_ALBI,Albi,albi,43.9223469965895,2.137784640369475
FR_CAHORS,Cahors,cahors,44.447901776063766,1.43301656128334
FR_RODEZ,Rodez,rodez,44.36265275693039,2.580264604321567
FR_TARBES,Tarbes,tarbes,43.240313930703124,0.068298520911083
FR_PAU,Pau,pau,43.291726298391296,-0.37066784077398
FR_ANNECY,Annecy,annecy,45.902210943744414,6.121832970766058
FR_VALENCE,Valence,valence,44.926840971953496,4.892902011813111
FR_ST_ETIENNE_CHATEAUCREUX,Saint-Étienne-Châteaucreux,saint-étienne,45.44437908744403,4.396706404871459
FR_CLERMONT_FERRAND,Clermont-Ferrand,clermont-ferrand,45.778499049968005,3.100379197092955
FR_CHAMBERY_CHALLES_LES_EAUX,Chambéry Challes-Les-Eaux,chambéry,45.57329452235341,5.918863875710412
FR_LAON,Laon,laon,49.570706583636564,3.624593294558156
FR_MONT_DE_MARSAN,Mont-De-Marsan,mont-de-marsan,43.884703935113855,-0.504121478227996
FR_GAP,Gap,gap,44.56368066191417,6.085343549382826
FR_ALENCON,Alençon,alençon,48.43394020457713,0.099146402339928
FR_PONTARLIER,Pontarlier,pontarlier,46.899576657901385,6.357115258059566
FR_CHALON_SUR_SAONE,Chalon-Sur-Saône,chalon-sur-saône,46.781581146528076,4.842664475538595
FR_MONTBELIARD,Montbéliard,montbéliard,47.51050788830323,6.801539332320739
FR_DIEPPE,Dieppe,dieppe,49.91647663053806,1.08131694824682
FR_CUZORN,Cuzorn,cuzorn,44.53740791364607,0.944064556237485
FR_GAMARDE_LES_BAINS,Gamarde-Les-Bains,gamarde-les-bains,43.71824712724352,-0.875845366215715
FR_VARS,Vars,vars,45.76571862432463,0.137008835864227
FR_CAP_MARTIN_ROQUEBRUNE,Cap-Martin-Roquebrune,roquebrune-cap-martin,43.761146207993015,7.460358860314966
FR_LA_BOUSSAC,La boussac,la boussac,48.51693157988218,-1.661337977680464
FR_LA_GARDE,La garde,la garde,43.118870294377246,6.010437469306643
FR_LE_TREPORT_MERS,Le tréport Mers,le treport,50.06313602709126,1.37759152193822
FR_CHARBONNIERES_LES_BAINS,Charbonnières-Les-Bains,charbonnieres-les-bains,45.78229876032053,4.73571961189489
FR_BUNO_GIRONVILLE,Buno-Gironville,buno-bonnevaux,48.370518880822246,2.387046763833223
FR_MURET,Muret,muret,43.46328035965779,1.323204291826903
FR_ST_CHRISTOLY_DE_BLAYE,Saint-Christoly-De-Blaye,saint-christoly-de-blaye,45.140208822489505,-0.507823091534694
FR_SERVON_TANIS,Servon Tanis,servon,48.59744373542869,-1.426656658125413
FR_LINIERES_BOUTON,Linières-Bouton,noyant-villages,47.461611469505065,0.0832787627343
FR_PAIMBOEUF,Paimboeuf,paimbœuf,47.28643967462114,-2.027414732437625
FR_SERVES_SUR_RHONE_EROME,Serves-Sur-Rhône-Erome,serves-sur-rhone,45.13481346893574,4.818132523864135
FR_CHANTENAY_ST_IMBERT,Chantenay-Saint-Imbert,chantenay-saint-imbert,46.72969094790579,3.170067609754633
FR_ST_CLAIR_LES_ROCHES,Saint-Clair-Les-Roches,saint-clair-du-rhone,45.449296675017266,4.768972444669181
FR_LA_GORP,La gorp,ambares-et-lagrave,44.9289067520894,-0.495790444729635
FR_CIVAUX,Civaux,civaux,46.432996940197405,0.665006720360921
FR_VALLOIS,Vallois,vallois,48.45761896187659,6.55178947102335
FR_PUNEROT,Punerot,punerot,48.48252233874386,5.804783081861394
FR_ST_CERGUES_LES_VOIRONS,Saint-Cergues-Les-Voirons,saint-cergues,46.2272535831692,6.303318787769152
FR_LANGON,Langon,langon,44.555467099221794,-0.255643986815373
FR_BRETEUIL_EMBRANCHEMENT,Breteuil-Embranchement,bacouel,49.62629628593514,2.384545570897003
FR_ST_BRICE_SUR_VIENNE,Saint-Brice-Sur-Vienne,saint-brice-sur-vienne,45.87811742813138,0.952252729453219
FR_SCHALBACH,Schalbach,schalbach,48.81766375506246,7.165441635409451
FR_BOUY,Bouy,bouy,49.09123951322311,4.353124418775411
FR_VRIGNE_MEUSE,Vrigne-Meuse,vrigne-meuse,49.70088831696133,4.843348320878918
FR_ESTOUCHES,Estouches,le merevillois,48.30947589700802,2.13231568220789
FR_BLANC_MISSERON,Blanc-Misseron,crespin,50.4048864085275,3.660850346027268
FR_VERNEUIL_SUR_SERRE,Verneuil-Sur-Serre,verneuil-sur-serre,49.647057334332686,3.666279376585687
FR_NOGENT_SUR_MARNE,Nogent-Sur-Marne,nogent-sur-marne,48.83408114452042,2.471817533323973
FR_MUNSTER,Munster,munster,48.03816201780456,7.134168120018408
FR_PLANCOET,Plancoët,plancoet,48.522695341055645,-2.228539797180134
FR_ST_LEON_SUR_L_ISLE,Saint-Léon-Sur-L'Isle,saint-leon-sur-l'isle,45.123254805200325,0.492393736576139
FR_ARGAGNON,Argagnon,argagnon,43.44873058642154,-0.679693145843763
FR_SALINDRES,Salindres,salindres,44.173128489576094,4.153212090320837
FR_ST_SYMPHORIEN_DEUX_SEVRES,Saint-Symphorien (deux-Sèvres),bessines,46.2756874531238,-0.506480973459575
FR_ROBIAC,Robiac,robiac-rochessadoule,44.276125627605595,4.122594427936097
FR_MARCELCAVE,Marcelcave,marcelcave,49.853169661438265,2.582101053895688
FR_NEUFCHATEAU,Neufchâteau,neufchateau,48.35823429538989,5.690054119401399
FR_FLIES,Flies,saint-genis-pouilly,46.274809274920074,6.031334400835391
FR_JONCHEREY,Joncherey,joncherey,47.52481432975796,6.999789708981824
FR_ROSIERES,Rosières,rosieres-en-santerre,49.82275708786215,2.711239289238698
FR_ROYE_SUR_MATZ,Roye-Sur-Matz,roye-sur-matz,49.59398401753645,2.756438070211291
FR_AUBIGNY_AU_BAC,Aubigny-Au-Bac,aubigny-au-bac,50.268483495002904,3.158288222885493
FR_BESSE_SUR_BRAYE,Bessé-Sur-Braye,besse-sur-braye,47.83107027150685,0.749522159720496
FR_ST_FRONT_SUR_LEMANCE,Saint-Front-Sur-Lémance,saint-front-sur-lemance,44.5742443426551,0.972705552655971
FR_LUC,Luc,luc,44.654034043533834,3.891547451608411
FR_ST_JEAN_ET_ST_PAUL,Saint-Jean-Et-Saint-Paul,saint-jean-et-saint-paul,43.913683986016174,3.05622690003931
FR_CAUDIES,Caudiès,caudies-de-fenouilledes,42.810639950853094,2.373080346213851
FR_GIROUX,Giroux,olliergues,45.6940240503302,3.590613625449622
FR_ABLON,Ablon,ablon-sur-seine,48.72389663352872,2.417861797996967
FR_AMAGNE_VILLAGE,Amagne Village,amagne,49.518997447931994,4.504912352875478
FR_ADAMSWILLER,Adamswiller,adamswiller,48.90814854039165,7.212466713126645
FR_SAVERNE,Saverne,saverne,48.74447251799484,7.36088374418271
FR_AMPEREVIELLE,Ampèrevielle,semeac,43.2220567563265,0.09713291122287
FR_NOGENT_LE_ROTROU,Nogent-Le-Rotrou,nogent-le-rotrou,48.32646024841775,0.810784092393901
FR_CREPIEUX_LA_PAPE,Crépieux-La-Pape,rillieux-la-pape,45.80367773368057,4.892579585676238
FR_VAIRES_TORCY,Vaires-Torcy,vaires-sur-marne,48.87535182811242,2.639798780018814
FR_CONTEVILLE,Conteville,conteville,50.171925529753274,2.060693845509909
FR_LA_CRAU,La crau,la crau,43.14487223857758,6.068743100580353
FR_CAZOULES,Cazoules,pechs-de-l'esperance,44.87871665492363,1.427503769282648
FR_ST_GEORGES_DE_LA_RIVIERE,Saint-Georges-De-La-Rivière,saint-georges-de-la-riviere,49.36192940607291,-1.732375962217622
FR_ST_FLOUR_CHAUDES_AIGUES,Saint-Flour-Chaudes-Aigues,saint-georges,45.03430569061607,3.123273715561132
FR_BRETIGNY_NORGES,Bretigny Norges,bretigny,47.38985612266316,5.11028436975937
FR_LAMOTTE_BREBIERE,Lamotte-Brebière,lamotte-brebiere,49.8854248713258,2.397291937537381
FR_GARABIT,Garabit,val d'arcomie,44.96094018957724,3.190352274080939
FR_ST_JACUT,Saint-Jacut,saint-jacut-les-pins,47.67876710060805,-2.187974713206649
FR_ST_LAURENT_DU_VAR,Saint-Laurent-Du-Var,saint-laurent-du-var,43.66241394712175,7.194781821183304
FR_PONT_DU_CHATEAU,Pont-Du-Château,pont-du-chateau,45.788475946592165,3.237824469546978
FR_VILLEFRANCHE_SUR_SAONE,Villefranche-Sur-Saône,villefranche-sur-saone,45.98359477185646,4.720841515141506
FR_MOYENNEVILLE,Moyenneville,moyenneville,49.49258468327207,2.626450093155774
FR_COURNONTERRAL,Cournonterral,cournonterral,43.542277925021125,3.740804570915211
FR_VIAS,Vias,vias,43.316072850226014,3.425534755532907
FR_LE_GARRIC,Le garric,le garric,44.01595471531388,2.152934297056409
FR_NOVEANT,Novéant,noveant-sur-moselle,49.02816598959084,6.052355404407254
FR_ST_VIDAL,Saint-Vidal,saint-vidal,45.07190250886566,3.80321631114458
FR_GRUSON,Gruson,gruson,50.59351138188994,3.199268944829368
FR_LOOS_LEZ_LILLE,Loos Lez-Lille,loos,50.61282676454586,3.017413935828815
FR_ARZEMBOUY,Arzembouy,arzembouy,47.25245295692108,3.380930533420509
FR_CIER_DE_LUCHON,Cier-De-Luchon,cier-de-luchon,42.85303719683858,0.60210861428612
FR_POGGIO_RIVENTOSA,Poggio-Riventosa,riventosa,42.25371665779626,9.188430526903288
FR_OUDON,Oudon,oudon,47.34326163441629,-1.29201169476358
FR_LA_COTE_ST_ANDRE_LE_RIVAL,La côte-Saint-André-Le-Rival,la cote-saint-andre,45.35145499060232,5.266393152481507
FR_CONTREXEVILLE,Contrexéville,contrexeville,48.179604336817256,5.89060025319197
FR_GUEURES_BRACHY,Gueures Brachy,gueures,49.83787193766391,0.958452129150298
FR_HACHETTE,Hachette,locquignol,50.15801811858804,3.742174458007789
FR_HOMBOURG_HAUT,Hombourg-Haut,hombourg-haut,49.12615707140362,6.77429829221759
FR_ABBEVILLE,Abbeville,abbeville,50.100849396098006,1.825534131386331
FR_MESNIL_SUR_OGER,Mesnil-Sur-Oger,le mesnil-sur-oger,48.94991079432511,4.031409181254556
FR_FARSCHVILLER,Farschviller,farschviller,49.08798798160462,6.908157436156166
FR_ST_ETIENNE_DE_LISSE,Saint-Étienne-De-Lisse,saint-etienne-de-lisse,44.868603178159304,-0.098457818386594
FR_CAP_D_AIL,Cap-D'Ail,cap-d'ail,43.72053499052865,7.394455002522781
FR_MOUZON,Mouzon,mouzon,49.60408051931462,5.069089195845265
FR_ST_JORY,Saint-Jory,saint-jory,43.74123080264954,1.368648352605731
FR_MONNETIER_MORNEX,Monnetier-Mornex,monnetier-mornex,46.16846451286289,6.242425937232902
FR_PLOUHARNEL_CARNAC,Plouharnel Carnac,plouharnel,47.604321433014995,-3.11838614250868
FR_BEUVRAGES,Beuvrages,beuvrages,50.39112839380549,3.505292873686278
FR_BOURMONT,Bourmont,bourmont-entre-meuse-et-mouzon,48.20137660095315,5.586404757412068
FR_ST_SEURIN_LIJARDIERES,Saint-Seurin-Lijardières,saint-seurin-de-palenne,45.622903400935954,-0.526388481162349
FR_FONTAINEBLEAU_AVON,Fontainebleau-Avon,avon,48.4175241458115,2.727228097155539
FR_GENSAC_LA_PALLUE,Gensac-La-Pallue,gensac-la-pallue,45.65923090057697,-0.250550676765578
FR_LEGE,Lège,lege,42.87623753227887,0.613163264805027
FR_CHAMPIGNEULLES,Champigneulles,champigneulles,48.73593704830381,6.168327233131955
FR_VARETZ,Varetz,varetz,45.1911101401785,1.44740997139431
FR_BOYNES,Boynes,boynes,48.115952292842444,2.358327539677157
FR_ST_ETIENNE_DU_BOIS,Saint-Étienne-Du-Bois,saint-etienne-du-bois,46.28938004567368,5.29176966539363
FR_THEIL_CERISIERS,Theil-Cerisiers,villiers-louis,48.17486320317936,3.411713695875821
FR_DUNKERQUE,Dunkerque,dunkerque,51.03464541750676,2.364678908862228
FR_AYTRE,Aytré,aytre,46.137289847526176,-1.11052075534402
FR_PONT_MAUGIS,Pont-Maugis,noyers-pont-maugis,49.67000869049024,4.955145897675318
FR_AUBIN_ST_VAAST,Aubin-Saint-Vaast,aubin-saint-vaast,50.39454095275343,1.970644092344187
FR_TRANS,Trans,trans-en-provence,43.504169583455884,6.482531718706226
FR_EPEHY,Épehy,epehy,50.00793445259912,3.133336324692209
FR_TIEFFENBACH_STRUTH,Tieffenbach Struth,tieffenbach,48.90631229003307,7.255222037197649
FR_AIRANS,Airans,farges,46.16411232320678,5.907120037585515
FR_URZY,Urzy,urzy,47.05461124209675,3.195024560363734
FR_VILLERS_SUR_THERE,Villers-Sur-Thère,allonne,49.41376263388244,2.13547357515335
FR_FOLLIGNY,Folligny,folligny,48.82897097024745,-1.40592292722839
FR_ST_CAPRAISE_DE_LALINDE,Saint-Capraise-De-Lalinde,saint-capraise-de-lalinde,44.84399441007997,0.64741135471796
FR_FONTAFIE,Fontafie,nieuil,45.86693373081023,0.545455174075626
FR_EPINAY_GRANDE_CEINTURE,Épinay-Grande-Ceinture,montmagny,48.95892335997553,2.328666830371213
FR_PICQUIGNY,Picquigny,picquigny,49.945772426228395,2.144291309595081
FR_CUINCHY,Cuinchy,cuinchy,50.5221020751232,2.744916134361847
FR_ARS_SUR_MOSELLE,Ars-Sur-Moselle,ars-sur-moselle,49.07423809002985,6.077933144639519
FR_CORDESSE_IGORNAY,Cordesse Igornay,cordesse,47.05097962534341,4.342988507784328
FR_DOMMARTIN_LE_FRANC,Dommartin-Le-Franc,dommartin-le-franc,48.42898258606847,4.954458259000705
FR_VALLORCINE,Vallorcine,vallorcine,46.032372269504975,6.932851761309195
FR_ST_LAURENT_D_AIGOUZE,Saint-Laurent-D'Aigouze,saint-laurent-d'aigouze,43.63914459623065,4.193010328022383
FR_CHESSY,Chessy,chessy,45.885436471989564,4.622491842532392
FR_NEAU,Neau,neau,48.15781882330126,-0.475466161761805
FR_SURESNES_PUTEAUX,Suresnes Puteaux,suresnes,48.87917733788219,2.229930358654436
FR_SERMIZELLES_VEZELAY,Sermizelles-Vézelay,givry,47.528866953412965,3.792894581798298
FR_ST_MARTIN_DU_VIVIER,Saint-Martin-Du-Vivier,saint-martin-du-vivier,49.47110821082957,1.161834114120781
FR_BENESTROFF,Bénestroff,benestroff,48.9061919533545,6.750621173901005
FR_MONTDIDIER,Montdidier,montdidier,49.641199606125916,2.561747962896197
FR_LAISSAC,Laissac,laissac-severac l'eglise,44.3750538540899,2.82231186388015
FR_MONTROND_LES_BAINS,Montrond-Les-Bains,montrond-les-bains,45.64417965685582,4.246780890837795
FR_PARAY_LE_MONIAL,Paray-Le-Monial,paray-le-monial,46.44617297006666,4.115790189568985
FR_VAUX_SUR_SEINE,Vaux-Sur-Seine,vaux-sur-seine,49.0072669862168,1.963193188031535
FR_FOLEMBRAY,Folembray,folembray,49.55226774312054,3.290965276449261
FR_CASTELNAU_D_ESTRETEFONDS,Castelnau-D'Estrétefonds,castelnau-d'estretefonds,43.78922172356386,1.338637861236035
FR_LE_VAUDIOUX,Le vaudioux,le vaudioux,46.68420344311022,5.929103074332876
FR_COLMAR,Colmar,colmar,48.07317228174095,7.346943396385906
FR_GISORS,Gisors,gisors,49.2849087700529,1.785418817063079
FR_UGINE,Ugine,ugine,45.74605775561713,6.417985349481818
FR_LANDOS,Landos,landos,44.83910539922551,3.834891838255654
FR_CERIZAY,Cerizay,cerizay,46.817347724323724,-0.667128979794668
FR_SAUJON,Saujon,saujon,45.66696039865667,-0.930419851017575
FR_AILLY_SUR_NOYE,Ailly-Sur-Noye,ailly-sur-noye,49.75450030857732,2.363989535760906
FR_GRAVELINES,Gravelines,gravelines,50.97867583444275,2.124353334726123
FR_SAUTO,Sauto,sauto,42.50617882068315,2.159738419213346
FR_PONT_DE_SEVRES,Pont-De-Sèvres,sevres,48.828819819536285,2.225497422609342
FR_GRATTERY,Grattery,grattery,47.670932279956666,6.082641785832016
FR_MANDELIEU_LA_NAPOULE,Mandelieu-La-Napoule,mandelieu-la-napoule,43.52430855271949,6.941568766552471
FR_MAURS,Maurs,maurs,44.706025754805985,2.199829974204467
FR_ST_JULIEN_EN_GENEVOIS,Saint-Julien-En-Genevois,saint-julien-en-genevois,46.141913343428044,6.085473821494126
FR_OULCHY_BRENY,Oulchy-Breny,breny,49.1875213601501,3.352527882683758
FR_INGRANDES_MERIGNY,Ingrandes Mérigny,ingrandes,46.60095171312809,0.962528674316648
FR_CULOZ,Culoz,culoz,45.8432248700549,5.779101103677578
FR_MAUVES_CORBON,Mauves-Corbon,corbon,48.44956685200764,0.638980296926186
FR_LAMARCHE_SUR_SAONE,Lamarche-Sur-Saône,lamarche-sur-saone,47.277822122185114,5.383286615004447
FR_EMBRUN,Embrun,embrun,44.56674756944446,6.496152520286437
FR_MENNEVRET,Mennevret,mennevret,49.98286693701174,3.561219949246398
FR_METTRAY,Mettray,mettray,47.44692117342614,0.643832879621036
FR_NIELLES_LES_BLEQUIN,Nielles-Lès-Blequin,nielles-les-blequin,50.67853858337845,2.033380871441144
FR_PONTRIEUX,Pontrieux,pontrieux,48.705570848956256,-3.157066128939595
FR_MARIGNY_LES_USAGES,Marigny-Lès-Usages,marigny-les-usages,47.962353872868654,2.004671190261151
FR_AUCHY_LES_HESDIN,Auchy-Lès-Hesdin,auchy-les-hesdin,50.39641996632734,2.102362782360426
FR_VOUTRE,Voutré,voutre,48.13394149103884,-0.291177868517493
FR_ST_JUERY,Saint-Juéry,saint-juery,43.942939712955095,2.203338210183998
FR_LUGNY_LES_CHAROLLES,Lugny-Lès-Charolles,lugny-les-charolles,46.40870908411181,4.204694344532387
FR_LA_MEMBROLLE_SUR_CHOISILLE,La membrolle-Sur-Choisille,saint-cyr-sur-loire,47.431727893091164,0.641454049795119
FR_ANGOULEME,Angoulême,angouleme,45.65364279342451,0.16414524593911
FR_LES_MARS,Les mars,les mars,45.97444496122054,2.477977684024261
FR_FONTAINES_MERCUREY,Fontaines Mercurey,fontaines,46.851148587962214,4.775282139595114
FR_LA_CAVE,La cave,marsac-sur-l'isle,45.18386743391835,0.627743101178756
FR_MEYMAC,Meymac,meymac,45.530066436508385,2.163792225428491
FR_MARTIGUES,Martigues,martigues,43.38757957683079,5.02505864722024
FR_NEUILLY,Neuilly,isigny-sur-mer,49.263145278752944,-1.09682993386605
FR_MOLIERES_SUR_CEZE,Molières-Sur-Cèze,molieres-sur-ceze,44.25943582387373,4.159989825901791
FR_BALSIEGES,Balsièges,balsieges,44.48756726172192,3.462699113461644
FR_ST_SEBASTIEN,Saint-Sébastien,saint-sebastien,46.38678661843819,1.54741578673095
FR_LAMATIVIE,Lamativie,sousceyrac-en-quercy,44.980706041185776,2.029829931290058
FR_VIAM,Viam,viam,45.62154363912667,1.896987017396987
FR_METZ_NORD,Metz Nord,metz,49.13697530269247,6.166700571300231
FR_GIMEL,Gimel,gimel-les-cascades,45.31012007263381,1.842012611665273
FR_MARNAVAL,Marnaval,saint-dizier,48.62811722905344,4.99291922307873
FR_ST_FLORENT_SUR_AUZONNET,Saint-Florent-Sur-Auzonnet,saint-jean-de-valeriscle,44.23433435961916,4.132423261290319
FR_LE_CHEYLAS_LA_BUISSIERE,Le cheylas La buissière,le cheylas,45.39300874122202,5.997166946341017
FR_VAUGRIS,Vaugris,reventin-vaugris,45.48869647752371,4.826143938692822
FR_ERMONT_HALTE,Ermont Halte,ermont,48.98994998429853,2.263418664825593
FR_TINCOURT_BOUCLY,Tincourt-Boucly,tincourt-boucly,49.93763407601061,3.04392687395165
FR_ANGERVILLE,Angerville,angerville,48.31041097127687,2.00301535046477
FR_ECOLE_VALENTIN,École-Valentin,ecole-valentin,47.27487892839237,5.994103825955804
FR_RIMAUCOURT,Rimaucourt,rimaucourt,48.26385832796413,5.332839367117721
FR_LE_LUDE,Le lude,le lude,47.638840009667554,0.16322801785015
FR_PORT_STE_MARIE,Port-Sainte-Marie,port-sainte-marie,44.250464514429325,0.388545716635139
FR_DOMGERMAIN,Domgermain,domgermain,48.64356146727872,5.836396128611881
FR_CHAMONIX_MONT_BLANC,Chamonix-Mont-Blanc,chamonix-mont-blanc,45.922457587940734,6.873932056969111
FR_VERSAILLES_MATELOTS,Versailles Matelots,versailles,48.79535817292378,2.097171525686884
FR_L_ETANG_LA_VILLE,L'Étang-La-Ville,l'etang-la-ville,48.86818714849595,2.076922736593785
FR_CALAIS_MAREE,Calais Marée,calais,50.94756092097649,1.839438153886269
FR_COLOMBES,Colombes,colombes,48.924065339388754,2.259204469957674
FR_AIX_EN_PROVENCE,Aix-En-Provence,aix-en-provence,43.522762785820525,5.445176758724113
FR_BASTIA,Bastia,bastia,42.69927502149261,9.446076995719302
FR_CALUIRE,Caluire,caluire-et-cuire,45.80122911919687,4.853698176807798
FR_GRIGNY,Grigny,grigny,45.61251151124518,4.799490475869561
FR_AGAY,Agay,saint-raphael,43.4320537395757,6.856749124791787
FR_SARREGUEMINES,Sarreguemines,sarreguemines,49.10675765152767,7.068669692711919
FR_ANNEMASSE,Annemasse,annemasse,46.2004871963181,6.238238147865423
FR_ARGENTEUIL,Argenteuil,argenteuil,48.947453305665455,2.257258821672499
FR_ARLES,Arles,arles,43.681727874841975,4.63343002456446
FR_ASNIERES_SUR_SEINE,Asnières-Sur-Seine,asnieres-sur-seine,48.90535675168071,2.283828704967605
FR_FURIANI,Furiani,furiani,42.649072486453974,9.441283658249736
FR_GIVORS,Givors,givors,45.58441442021708,4.763354937979917
FR_BABINIERE,Babinière,la chapelle-sur-erdre,47.25885861212914,-1.544930611060151
FR_LE_HAVRE,Le havre,le havre,49.493099779289984,0.127363090864577
FR_LES_HOUCHES,Les houches,les houches,45.893705567198175,6.796944582670765
FR_MANDUEL_REDESSAN,Manduel Redessan,manduel,43.82634078935127,4.479351522598788
FR_MONTLUCON_EAU,Montluçon Eau,montlucon,46.36168535140353,2.591964369298358
FR_LA_PLAINE_STADE_DE_FRANCE,La plaine-Stade-De-France,saint-denis,48.91811813803551,2.362724155498681
FR_ACHERES_GRAND_CORMIER,Achères-Grand-Cormier,saint-germain-en-laye,48.95514531107167,2.091973196153399
FR_LA_CROIX_DE_MEAN,La croix-De-Méan,saint-nazaire,47.30059055696812,-2.193094641683409
FR_PONT_PETIT,Pont-Petit,saint-ouen-l'aumone,49.06154181782874,2.13189946288353
FR_ABANCOURT,Abancourt,abancourt,49.68450563678803,1.773588218190952
FR_ANTIBES,Antibes,antibes,43.58621553543314,7.119346976490508
FR_BESANCON_VIOTTE,Besançon Viotte,besancon,47.24733508300953,6.021802404892518
FR_CHIRAC,Chirac,bourgs sur colagne,44.51567050940268,3.25449158909572
FR_CALVI,Calvi,calvi,42.564375654743664,8.755757613601096
FR_CANNES,Cannes,cannes,43.55401892106619,7.019196676351166
FR_LATOUR_DE_CAROL_ENVEITG,Latour-De-Carol-Enveitg,enveitg,42.45891597043509,1.904435615665401
FR_EVRY_COURCOURONNES,Évry-Courcouronnes,evry-courcouronnes,48.62597794398785,2.429374227134183
FR_FLOIRAC_LOT,Floirac (lot),floirac,44.91302456153381,1.65350870119478
FR_FOS_COUSSOUL,Fos-Coussoul,fos-sur-mer,43.47455074855669,4.904849298453765
FR_CALAIS_FRETHUN,Calais-Fréthun,frethun,50.90144523235958,1.812577287988852
FR_GIEVRES,Gièvres,gievres,47.2789038349447,1.668491153779028
FR_HAGUENAU,Haguenau,haguenau,48.813268914308225,7.782383193842469
FR_HIRSON,Hirson,hirson,49.914635451397096,4.084973390107329
FR_JOUE_LES_TOURS,Joué-Lès-Tours,joue-les-tours,47.35429633133642,0.667766292560455
FR_LABEGE_VILLAGE,Labège Village,labege,43.533228817968464,1.529239196087007
FR_LE_CREUSOT,Le creusot,le creusot,46.80844586039034,4.429992290925032
FR_IS_SUR_TILLE,Is-Sur-Tille,marcilly-sur-tille,47.52021534007557,5.129832199967969
FR_MASSY_EUROPE,Massy europe,massy,48.72343242076821,2.272653370815987
FR_MAUBEUGE,Maubeuge,maubeuge,50.27255398822773,3.966886349485993
FR_MEUDON,Meudon,meudon,48.81480083229521,2.240875380902561
FR_ST_QUENTIN_EN_YVELINES,Saint-Quentin-En-Yvelines,montigny-le-bretonneux,48.787263465410035,2.04415826300985
FR_RONCHIN,Ronchin,ronchin,50.604456048120156,3.07844363192638
FR_LE_VAL_D_OR,Le val-D'Or,saint-cloud,48.856464249078215,2.216542968119461
FR_ALLEE_ROYALE,Allée royale,saint-cyr-l'ecole,48.81440730421533,2.078456181179013
FR_ST_JUST_ST_RAMBERT,Saint-Just-Saint-Rambert,saint-just-saint-rambert,45.50826141459757,4.264138079647612
FR_ARZVILLER,Arzviller,saint-louis,48.7240669152876,7.186630279258346
FR_CHAMPIGNY,Champigny,saint-maur-des-fosses,48.80695620037834,2.510205945378196
FR_BOULEVARD_VICTOR_HUGO,Boulevard-Victor-Hugo,saint-ouen-sur-seine,48.906701456630636,2.324465979851646
FR_KERHOSTIN,Kerhostin,saint-pierre-quiberon,47.536292427485165,-3.136514312320254
FR_SARRALBE,Sarralbe,sarralbe,49.000780360560775,7.036304224857277
FR_SAUMUR,Saumur,saumur,47.26978505351612,-0.073041399143145
FR_ALAI,Alaï,tassin-la-demi-lune,45.751900568353854,4.771826832034988
FR_VALENCIENNES,Valenciennes,valenciennes,50.36615848898203,3.518753220077967
FR_BELLEGARDE,Bellegarde,valserhone,46.11185356172942,5.825616439660447
FR_VIERZON_VILLE,Vierzon Ville,vierzon,47.22730863535949,2.057635106071219
FR_VIROFLAY_RIVE_DROITE,Viroflay Rive-Droite,viroflay,48.805476016550365,2.167811676903731
FR_VIVARIO,Vivario,vivario,42.17763378243492,9.168953906761326
FR_AIRVAULT_GARE,Airvault Gare,airvault,46.80877148905675,-0.144140268354901
FR_AJACCIO,Ajaccio,ajaccio,41.92763312716373,8.739116863137511
FR_ST_MARCEL_LES_VALENCE,Saint-Marcel-Lès-Valence,alixan,44.98740616209428,4.972974731127295
FR_AMBERIEU,Ambérieu,amberieu-en-bugey,45.95382301988311,5.342389581729003
FR_AUXERRE_ST_AMATRE,Auxerre Saint-Amatre,auxerre,47.78662562345271,3.56330925714747
FR_BARENTIN_VILLE,Barentin Ville,barentin,49.54187931811773,0.950663871811096
FR_BASSENS,Bassens,bassens,44.90159206625734,-0.522244101023379
FR_BEAUCAIRE,Beaucaire,beaucaire,43.80215826435862,4.647372767353067
FR_BIGUGLIA,Biguglia,biguglia,42.6138175868819,9.438101091555913
FR_BOBIGNY,Bobigny,bobigny,48.91058052014594,2.430784548153818
FR_BOIS_COLOMBES,Bois-Colombes,bois-colombes,48.91369573969139,2.27215696986487
FR_BOLOGNE,Bologne,bologne,48.19864643080646,5.134533675582394
FR_BOUCOIRAN,Boucoiran,boucoiran-et-nozieres,43.992730139371986,4.187543516818897
FR_BOULOGNE_MAREE,Boulogne-Marée,boulogne-sur-mer,50.714687878072006,1.602839941286511
FR_BOVES,Boves,boves,49.8462883732258,2.398105009101182
FR_BRESSUIRE,Bressuire,bressuire,46.83757837062643,-0.496437876228839
FR_BRION_MONTRAL_LA_CLUSE,Brion Montral-La-Cluse,brion,46.17569128346321,5.558441193876042
FR_CAGNES_SUR_MER,Cagnes-Sur-Mer,cagnes-sur-mer,43.65786705009854,7.148513271704817
FR_CAMBRAI,Cambrai,cambrai,50.17574195514733,3.243769164260604
FR_CAPENDU,Capendu,capendu,43.186318661237316,2.550155556084597
FR_CERGY_LE_HAUT,Cergy Le-Haut,cergy,49.0481346581897,2.011539282937988
FR_GAZINET_CESTAS,Gazinet-Cestas,cestas,44.772097276327756,-0.699415943764421
FR_CHAGNY,Chagny,chagny,46.90748655578193,4.748453193367109
FR_CHAMPLITTE,Champlitte,champlitte,47.61387001824554,5.523290201993061
FR_CHASSENEUIL_VIENNE,Chasseneuil (vienne),chasseneuil-du-poitou,46.65191701613648,0.372900773484015
FR_CHATEAU_ARNOUX_MAIRIE,Château-Arnoux-Mairie,chateau-arnoux-saint-auban,44.10163601119465,6.010083039678485
FR_CHATEAUBRIANT,Châteaubriant,chateaubriant,47.717011948752074,-1.371399146393917
FR_CHATENOIS_BAS_RHIN,Châtenois (bas-Rhin),chatenois,48.27641611439358,7.401331365912151
FR_CHOISY_LE_ROI,Choisy-Le-Roi,choisy-le-roi,48.76373968002745,2.411226698475802
FR_ARROU,Arrou,commune nouvelle d'arrou,48.10123827686326,1.129586351227329
FR_CONFLANS_FIN_D_OISE,Conflans-Fin-D'Oise,conflans-sainte-honorine,48.99193048278884,2.075063006424523
FR_CORBEIL_ESSONNES,Corbeil-Essonnes,corbeil-essonnes,48.61407088260272,2.473782410863145
FR_COURBEVOIE,Courbevoie,courbevoie,48.897926579061604,2.247523831619278
FR_CRAIN,Crain,crain,47.52861546240906,3.55519858696728
FR_DARDILLY,Dardilly,dardilly,45.801156588411345,4.760324479262408
FR_DOMBASLE_SUR_MEURTHE,Dombasle-Sur-Meurthe,dombasle-sur-meurthe,48.62416058768667,6.342952744539422
FR_DOMMARTIN_LISSIEU,Dommartin Lissieu,dommartin,45.83999936668661,4.734074413961646
FR_LE_CREUSOT_MONTCEAU_MONTCHANIN,Le creusot-Montceau-Montchanin,ecuisses,46.765214478745236,4.500111834630107
FR_EPINAY_SUR_SEINE,Épinay-Sur-Seine,epinay-sur-seine,48.95405714495835,2.302366002235401
FR_EU,Eu,eu,50.054016223025904,1.417874639178396
FR_FENOUILLET,Fenouillet,fenouillet,43.68776029406022,1.399209597943924
FR_FERE_CHAMPENOISE,Fère-Champenoise,fere-champenoise,48.762414686213496,3.983633027098256
FR_LES_AUBRAIS_ORLEANS,Les aubrais-Orléans,fleury-les-aubrais,47.92653148148473,1.906107144311859
FR_FONTENAY_SOUS_BOIS,Fontenay-Sous-Bois,fontenay-sous-bois,48.843294326773055,2.464676934309357
FR_FRESNAY_SUR_SARTHE,Fresnay-Sur-Sarthe,fresnay-sur-sarthe,48.28239883567796,0.030959517063502
FR_FROUARD,Frouard,frouard,48.75558752094368,6.144387714735459
FR_GIEN,Gien,gien,47.698878641555325,2.636757350624025
FR_GRANDE_SYNTHE,Grande-Synthe,grande-synthe,51.002673197694655,2.313224657884195
FR_BLESME_HAUSSIGNEMONT,Blesme-Haussignemont,haussignemont,48.72150465698611,4.752905477328794
FR_ISSY,Issy,issy-les-moulineaux,48.81996502716657,2.259486994204301
FR_ISTRES,Istres,istres,43.51545289328533,4.980264822448766
FR_CONFLANS_JARNY,Conflans-Jarny,jarny,49.16666217334506,5.868148236824981
FR_LA_COURNEUVE_DUGNY,La courneuve Dugny,la courneuve,48.94384300285889,2.410929811057858
FR_LALINDE,Lalinde,lalinde,44.83950516099694,0.742924824689509
FR_MAISONCELLE,Maisoncelle,le malesherbois,48.26559798689346,2.387567404614841
FR_CLICHY_LEVALLOIS,Clichy-Levallois,levallois-perret,48.89764315175464,2.297543415353863
FR_LISIEUX,Lisieux,lisieux,49.136849257346306,0.232878159541151
FR_LAVENAY,Lavenay,loir en vallee,47.788835917783516,0.712388262956867
FR_LOON_PLAGE,Loon-Plage,loon-plage,50.98980472196193,2.237046324542696
FR_LUTTERBACH_TRAM_TRAIN,Lutterbach Tram-Train,lutterbach,47.75814174894998,7.276642523013462
FR_MACON_VILLE,Mâcon Ville,macon,46.30190762055253,4.823839315508944
FR_MAGLAND,Magland,magland,46.016930329777246,6.621201467307234
FR_POMPADOUR_MAISONS_ALFORT,Pompadour-Maisons-Alfort,maisons-alfort,48.789437326942675,2.431845616877027
FR_MANTES_LA_JOLIE,Mantes-La-Jolie,mantes-la-jolie,48.9893279702317,1.704130703606081
FR_MAREIL_MARLY,Mareil-Marly,mareil-marly,48.88118219684347,2.079268429322627
FR_MARMAGNE,Marmagne,marmagne,47.09990251736413,2.282794642929905
FR_BELFORT_MONTBELIARD_TGV,Belfort-Montbéliard-TGV,meroux-moval,47.58602332147397,6.898445295065638
FR_MESNIL_MAUGER,Mesnil-Mauger,mezidon vallee d'auge,49.0864904463556,0.019458702339301
FR_MIRAMAS,Miramas,miramas,43.58083658651412,5.002652753761933
FR_MOIRANS,Moirans,moirans,45.32165105738037,5.582308314706516
FR_ST_DIDIER_EN_VELAY,Saint-Didier-En-Velay,monistrol-sur-loire,45.314807203234345,4.151568160570447
FR_BELVEZET,Belvezet,mont lozere et goulet,44.56175524510515,3.751807473339702
FR_AZAY_SUR_CHER,Azay-Sur-Cher,montlouis-sur-loire,47.36508678355487,0.860349554486159
FR_ARJUZANX,Arjuzanx,morcenx-la-nouvelle,44.01406961119227,-0.865217021927968
FR_NEUSSARGUES,Neussargues,neussargues en pinatelle,45.122532988424176,2.995145336055171
FR_NEUVES_MAISONS,Neuves-Maisons,neuves-maisons,48.614844947791894,6.107948563160049
FR_NEUVILLE_DE_POITOU,Neuville-De-Poitou,neuville-de-poitou,46.6807989693456,0.243527893490449
FR_COMBREE,Combrée,ombree d'anjou,47.7196346008167,-1.029416334612959
FR_ORLY_VILLE,Orly Ville,orly,48.74190257910322,2.402828509191527
FR_ORMOY_VILLERS,Ormoy-Villers,ormoy-villers,49.2003098558463,2.83727019617205
FR_PARTHENAY,Parthenay,parthenay,46.64876218412713,-0.240750194033846
FR_SOUS_PERON,Sous-Péron,peron,46.18853038648541,5.929993868357782
FR_FRYNAUDOUR,Frynaudour,plourivo,48.727962018982424,-3.128588597562102
FR_DENNEVILLE,Denneville,port-bail-sur-mer,49.330369126092315,-1.638911662681947
FR_PUTEAUX,Puteaux,puteaux,48.88305017218782,2.233401212729139
FR_REMILLY,Rémilly,remilly,49.01480004894034,6.394501274463497
FR_AUNEAU,Auneau,roinville,48.44606164180047,1.780181460127021
FR_FAUBOURG_D_ORLEANS,Faubourg-D'Orléans,romorantin-lanthenay,47.36683334513877,1.740234226930978
FR_RUNGIS_MIN,Rungis (min),rungis,48.7437615440494,2.361965873313876
FR_BRETEIL,Breteil,saint-gilles,48.14062730002451,-1.880279211255501
FR_POMBLIERE_ST_MARCEL,Pomblière-Saint-Marcel,saint-marcel,45.50467080633622,6.562681140991169
FR_CLECY_BOURG,Clécy-Bourg,saint-remy,48.92756005804813,-0.483077855150903
FR_STE_COLOMBE,Sainte-Colombe,sainte-colombe,46.87920222190296,6.266118394080583
FR_SARREBOURG,Sarrebourg,sarrebourg,48.73839241750148,7.051536133149108
FR_LA_FERRIERE_DE_FLEE,La ferrière-De-Flée,segre-en-anjou bleu,47.73056574966398,-0.837944997053809
FR_RECOULES,Recoules,severac d'aveyron,44.34852841883525,2.974534888059341
FR_TAMNAY_CHATILLON,Tamnay-Châtillon,tamnay-en-bazois,47.05298837465489,3.723485122763925
FR_TARASCON,Tarascon,tarascon,43.80062471532483,4.65761337189862
FR_CAPPELLE_HUQUINVILLE,Cappelle-Huquinville,templeuve-en-pevele,50.51313404641881,3.193751643320758
FR_TENDE,Tende,tende,44.08988893464372,7.594321708601798
FR_TERNAY,Ternay,ternay,45.61066958030951,4.807182865174196
FR_THANN,Thann,thann,47.80905151566686,7.106968883546217
FR_THOIRY,Thoiry,thoiry,46.23095157795035,5.979943793446231
FR_CHENE_CHENU,Chêne-Chenu,tremblay-les-villages,48.58479258840916,1.298090030309361
FR_ANGRIE_LOIRE,Angrie-Loire,vallons-de-l'erdre,47.52877268102413,-1.152444872012173
FR_VERDUN,Verdun,verdun,49.16551301257006,5.378755568857466
FR_ST_FLORENTIN_VERGIGNY,Saint-Florentin-Vergigny,vergigny,47.980410691581746,3.730960975499897
FR_VEZENOBRES,Vézénobres,vezenobres,44.03685711366558,4.140907722504556
FR_ANNAPPES,Annappes,villeneuve-d'ascq,50.622872402758944,3.146407051737766
FR_VILLEPINTE,Villepinte,villepinte,48.963108581471396,2.51241936187105
FR_VITROLLES,Vitrolles,vitrolles,43.448571743208525,5.237298672684647
FR_LOGELBACH,Logelbach,wintzenheim,48.08731135932243,7.320670200337252
FR_SAIGNES_YDES,Saignes-Ydes,ydes,45.350124246449624,2.467665935467979
FR_AIME_LA_PLAGNE,Aime-La plagne,aime-la-plagne,45.55437010064511,6.648428848434677
FR_AIRE_SUR_LA_LYS,Aire-Sur-La-Lys,aire-sur-la-lys,50.64127145187418,2.406091672535474
FR_AIX_LES_BAINS_LE_REVARD,Aix-Les-Bains-Le revard,aix-les-bains,45.688112428031324,5.908901294915313
FR_ALES,Alès,ales,44.12803162747341,4.084967396108715
FR_ALLENC,Allenc,allenc,44.54152103116181,3.664130358302335
FR_ALLEREY,Allerey,allerey-sur-saone,46.901448107950664,4.969097975745947
FR_LE_BEC_D_AMBES,Le bec-D'Ambès,ambes,45.02263255052982,-0.57999703752587
FR_AMILLY,Amilly,amilly,47.97380174676947,2.773604450508636
FR_ANDELOT,Andelot,andelot-en-montagne,46.8595454129532,5.923301209627972
FR_ANDRESY,Andrésy,andresy,48.97473798327887,2.049019579489728
FR_ANDREZIEUX,Andrézieux,andrezieux-boutheon,45.52162717496561,4.25525189630413
FR_ANOR,Anor,anor,49.985392009473166,4.092727052577319
FR_ANTONY,Antony,antony,48.75497405313983,2.300964015258142
FR_ANZELING,Anzeling,anzeling,49.2624167581957,6.459586407658986
FR_ARBOIS,Arbois,arbois,46.91270132171763,5.763090017438219
FR_ARC_ET_SENANS,Arc-Et-Senans,arc-et-senans,47.03040300855958,5.776617565812096
FR_ARGY,Argy,argy,46.944845998033365,1.438369935305535
FR_ARMENTIERES,Armentières,armentieres,50.68076364297237,2.876225153013481
FR_ARQUES_PAS_DE_CALAIS,Arques (pas-De-Calais),arques,50.72808368110163,2.302403319824021
FR_ARRAS,Arras,arras,50.28670060943111,2.781877763520992
FR_ASPRES_SUR_BUECH,Aspres-Sur-Buëch,aspres-sur-buech,44.519379509523155,5.754332493593342
FR_AUBAGNE,Aubagne,aubagne,43.29624843796017,5.566926607186476
FR_AUDUN_LE_TICHE,Audun-Le-Tiche,audun-le-tiche,49.478078922013246,5.957601172041922
FR_AULNAY_SOUS_BOIS,Aulnay-Sous-Bois,aulnay-sous-bois,48.93225809905838,2.494081445101055
FR_AULNOYE_AYMERIES,Aulnoye-Aymeries,aulnoye-aymeries,50.196804708016565,3.842774307319819
FR_AUREC,Aurec,aurec-sur-loire,45.37091345411459,4.198273772364785
FR_PULLIGNY_AUTREY,Pulligny-Autrey,autrey,48.53572519318866,6.137668551654069
FR_AUTUN,Autun,autun,46.95495665067907,4.292902253657597
FR_AUVERS_SUR_OISE,Auvers-Sur-Oise,auvers-sur-oise,49.071008184141796,2.176811926003305
FR_IGNEY_AVRICOURT,Igney-Avricourt,avricourt,48.64613155155874,6.803506305644926
FR_BAILLARGUES,Baillargues,baillargues,43.65313882275331,4.006768359543917
FR_BAILLEUL,Bailleul,bailleul,50.728777811766804,2.73339429858811
FR_BARNEVILLE,Barneville,barneville-carteret,49.37583536047276,-1.756200036965181
FR_MILHAC_D_AUBEROCHE,Milhac-D'Auberoche,bassillac et auberoche,45.129003315514105,0.918111452134353
FR_BAUGE,Baugé,bauge-en-anjou,47.53593540603813,-0.106367223261593
FR_BAUVIN_PROVIN,Bauvin Provin,bauvin,50.51167305704527,2.90504075604601
FR_BAVAY,Bavay,bavay,50.29690932962144,3.780555135382695
FR_BEAUZAC,Beauzac,beauzac,45.23589750514487,4.09486552127107
FR_BEDOUS,Bedous,bedous,42.99417774381658,-0.60400220402708
FR_BEINHEIM_EMBRANCHEMENT,Beinheim Embranchement,beinheim,48.87188174536525,8.07742828347306
FR_BELFORT,Belfort,belfort,47.63041104364049,6.855191603142295
FR_BREZE_ST_CYR_EN_BOURG,Brézé-Saint-Cyr-En-Bourg,bellevigne-les-chateaux,47.18734748974498,-0.056879185128354
FR_BENING,Béning,bening-les-saint-avold,49.13823357590087,6.828569962775861
FR_BERJOU,Berjou,berjou,48.86396989919398,-0.471611307693712
FR_BERTHELMING,Berthelming,berthelming,48.80931722521653,7.008897902733395
FR_BETHUNE,Béthune,bethune,50.52052309013781,2.641981278861814
FR_BETZ,Betz,betz,49.16189817207571,2.930664804864951
FR_CHAMPAGNE_ARDENNE_TGV,Champagne-Ardenne-TGV,bezannes,49.21455924201552,3.993655995605394
FR_BIDARRAY,Bidarray,bidarray,43.275489654932336,-1.350605849077389
FR_BIDOS,Bidos,bidos,43.178929807723755,-0.606976661061633
FR_BIEVRES,Bièvres,bievres,48.75004864802327,2.21804508785755
FR_BITCHE,Bitche,bitche,49.04857118126716,7.432562038772888
FR_BLANZY,Blanzy,blanzy,46.69399291424549,4.391261601142118
FR_BON_ENCONTRE,Bon-Encontre,boe,44.17464245325543,0.66133861353905
FR_BOGNY_SUR_MEUSE,Bogny-Sur-Meuse,bogny-sur-meuse,49.85885393404695,4.762681943547026
FR_BOLBEC_VILLE,Bolbec Ville,bolbec,49.578025213628706,0.467316366714405
FR_ETSAUT,Etsaut,borce,42.91251266880129,-0.572410869026241
FR_BORGO,Borgo,borgo,42.55978636040654,9.446161378982577
FR_BEYNAC_HAUTE_VIENNE,Beynac (haute-Vienne),bosmie-l'aiguille,45.7688152693881,1.185928909360056
FR_BOULANGE,Boulange,boulange,49.38782739189187,5.95940633677382
FR_BOULAZAC,Boulazac,boulazac isle manoire,45.17186489281111,0.773122390683804
FR_BOULETERNERE,Bouleternère,bouleternere,42.65429313439165,2.597090541813719
FR_BOULIGNY,Bouligny,bouligny,49.293109813623005,5.739741523770879
FR_BOURG_EN_BRESSE,Bourg-En-Bresse,bourg-en-bresse,46.19971199096084,5.214926531743104
FR_BOURG_ST_MAURICE,Bourg-Saint-Maurice,bourg-saint-maurice,45.61812064251317,6.771556820848323
FR_BOURGES,Bourges,bourges,47.094618136609675,2.394323089977617
FR_BOUZONVILLE,Bouzonville,bouzonville,49.289873677431316,6.529139172868558
FR_BREIL_SUR_ROYA,Breil-Sur-Roya,breil-sur-roya,43.94194602172789,7.514373727256736
